<map>
  <entry>
    <string>19:33:04</string>
    <se__10.mvc.model.Cars>
      <approachTime>2018-01-28T19:33:04.836</approachTime>
      <departureTime>2018-01-28T19:33:07.178</departureTime>
      <actualPrice>4.0</actualPrice>
      <pos>2</pos>
      <departured>true</departured>
    </se__10.mvc.model.Cars>
  </entry>
  <entry>
    <string>19:33:38</string>
    <se__10.mvc.model.Cars>
      <approachTime>2018-01-28T19:33:38.581</approachTime>
      <departureTime>2018-01-28T19:33:40.903</departureTime>
      <actualPrice>4.0</actualPrice>
      <pos>2</pos>
      <departured>true</departured>
    </se__10.mvc.model.Cars>
  </entry>
  <entry>
    <string>19:33:29</string>
    <se__10.mvc.model.Cars>
      <approachTime>2018-01-28T19:33:29.762</approachTime>
      <departureTime>2018-01-28T19:33:40.578</departureTime>
      <actualPrice>20.0</actualPrice>
      <pos>10</pos>
      <departured>true</departured>
    </se__10.mvc.model.Cars>
  </entry>
  <entry>
    <string>19:32:55</string>
    <se__10.mvc.model.Cars>
      <approachTime>2018-01-28T19:32:55.805</approachTime>
      <departureTime>2018-01-28T19:33:01.249</departureTime>
      <actualPrice>10.0</actualPrice>
      <pos>2</pos>
      <departured>true</departured>
    </se__10.mvc.model.Cars>
  </entry>
  <entry>
    <string>19:33:34</string>
    <se__10.mvc.model.Cars>
      <approachTime>2018-01-28T19:33:34.504</approachTime>
      <departureTime>2018-01-28T19:33:41.561</departureTime>
      <actualPrice>14.0</actualPrice>
      <pos>1</pos>
      <departured>true</departured>
    </se__10.mvc.model.Cars>
  </entry>
  <entry>
    <string>19:32:46</string>
    <se__10.mvc.model.Cars>
      <approachTime>2018-01-28T19:32:46.4</approachTime>
      <departureTime>2018-01-28T19:32:57.918</departureTime>
      <actualPrice>22.0</actualPrice>
      <pos>3</pos>
      <departured>true</departured>
    </se__10.mvc.model.Cars>
  </entry>
  <entry>
    <string>19:33:03</string>
    <se__10.mvc.model.Cars>
      <approachTime>2018-01-28T19:33:03.42</approachTime>
      <departureTime>2018-01-28T19:33:06.347</departureTime>
      <actualPrice>4.0</actualPrice>
      <pos>4</pos>
      <departured>true</departured>
    </se__10.mvc.model.Cars>
  </entry>
  <entry>
    <string>19:33:36</string>
    <se__10.mvc.model.Cars>
      <approachTime>2018-01-28T19:33:36.572</approachTime>
      <departureTime>2018-01-28T19:33:41.28</departureTime>
      <actualPrice>8.0</actualPrice>
      <pos>7</pos>
      <departured>true</departured>
    </se__10.mvc.model.Cars>
  </entry>
  <entry>
    <string>19:32:50</string>
    <se__10.mvc.model.Cars>
      <approachTime>2018-01-28T19:32:50.7</approachTime>
      <departureTime>2018-01-28T19:32:58.915</departureTime>
      <actualPrice>16.0</actualPrice>
      <pos>4</pos>
      <departured>true</departured>
    </se__10.mvc.model.Cars>
  </entry>
  <entry>
    <string>19:32:53</string>
    <se__10.mvc.model.Cars>
      <approachTime>2018-01-28T19:32:53.268</approachTime>
      <departureTime>2018-01-28T19:33:00.056</departureTime>
      <actualPrice>12.0</actualPrice>
      <pos>8</pos>
      <departured>true</departured>
    </se__10.mvc.model.Cars>
  </entry>
  <entry>
    <string>19:33:32</string>
    <se__10.mvc.model.Cars>
      <approachTime>2018-01-28T19:33:32.496</approachTime>
      <departureTime>2018-01-28T19:33:41.1</departureTime>
      <actualPrice>16.0</actualPrice>
      <pos>6</pos>
      <departured>true</departured>
    </se__10.mvc.model.Cars>
  </entry>
</map>